"Reference Code","Timestamp","Movement Type","Material Name","Quantity","Beneficiary / Supplier","Executed By","Purpose / Remarks"
"TXN-OUT-859386-002","Aug 31, 2026, 12:17 PM","STOCK_OUT","Blue Ballpoint Pens (Box of 50) (MAT-1002)","2 Box","Computer Science Department","Tigist Haile (Storekeeper)","Issued for Request REQ-2026-001"
"TXN-OUT-859386-001","Aug 31, 2026, 12:17 PM","STOCK_OUT","A4 Printing Paper (80gsm) (MAT-1001)","10 Ream","Computer Science Department","Tigist Haile (Storekeeper)","Issued for Request REQ-2026-001"
"TXN-OUT-857248-001","Aug 31, 2026, 12:17 PM","STOCK_OUT","HP LaserJet Toner Cartridge 85A (MAT-2002)","2 Piece","Computer Science Department","Tigist Haile (Storekeeper)","Issued for Request REQ-2026-002"
"TXN-OUT-856724-001","Aug 31, 2026, 12:17 PM","STOCK_OUT","Ergonomic Mesh Office Chair (MAT-3001)","2 Piece","Computer Science Department","Tigist Haile (Storekeeper)","Issued for Request REQ-2026-003"
"TXN-OUT-856137-001","Aug 31, 2026, 12:17 PM","STOCK_OUT","A4 Printing Paper (80gsm) (MAT-1001)","1 Ream","Computer Science Department","Tigist Haile (Storekeeper)","Issued for Request REQ-GLOBAL-A-1786956537571"
"TXN-OUT-855668-001","Aug 31, 2026, 12:17 PM","STOCK_OUT","A4 Printing Paper (80gsm) (MAT-1001)","1 Ream","Computer Science Department","Tigist Haile (Storekeeper)","Issued for Request REQ-GLOBAL-A-1786956924042"
"TXN-OUT-855045-001","Aug 31, 2026, 12:17 PM","STOCK_OUT","A4 Printing Paper (80gsm) (MAT-1001)","1 Ream","Computer Science Department","Tigist Haile (Storekeeper)","Issued for Request REQ-GLOBAL-B-1786956924052"
"TXN-OUT-854685-001","Aug 31, 2026, 12:17 PM","STOCK_OUT","A4 Printing Paper (80gsm) (MAT-1001)","1 Ream","Computer Science Department","Tigist Haile (Storekeeper)","Issued for Request REQ-GLOBAL-A-1786957186166"
"TXN-OUT-854167-001","Aug 31, 2026, 12:17 PM","STOCK_OUT","A4 Printing Paper (80gsm) (MAT-1001)","1 Ream","Computer Science Department","Tigist Haile (Storekeeper)","Issued for Request REQ-GLOBAL-B-1786957186174"
"TXN-OUT-853836-001","Aug 31, 2026, 12:17 PM","STOCK_OUT","A4 Printing Paper (80gsm) (MAT-1001)","1 Ream","Computer Science Department","Tigist Haile (Storekeeper)","Issued for Request REQ-GLOBAL-A-1786957296724"
"TXN-OUT-853500-001","Aug 31, 2026, 12:17 PM","STOCK_OUT","A4 Printing Paper (80gsm) (MAT-1001)","1 Ream","Computer Science Department","Tigist Haile (Storekeeper)","Issued for Request REQ-GLOBAL-B-1786957296743"
"TXN-OUT-853065-001","Aug 31, 2026, 12:17 PM","STOCK_OUT","A4 Printing Paper (80gsm) (MAT-1001)","1 Ream","Computer Science Department","Tigist Haile (Storekeeper)","Issued for Request REQ-GLOBAL-A-1786957312101"
"TXN-OUT-852413-001","Aug 31, 2026, 12:17 PM","STOCK_OUT","A4 Printing Paper (80gsm) (MAT-1001)","1 Ream","Computer Science Department","Tigist Haile (Storekeeper)","Issued for Request REQ-GLOBAL-B-1786957312112"
"TXN-OUT-851414-001","Aug 31, 2026, 12:17 PM","STOCK_OUT","A4 Printing Paper (80gsm) (MAT-1001)","6 Ream","Authorized Admin Department","Tigist Haile (Storekeeper)","Issued for Request REQ-2026-0016"
"TXN-OUT-848775-001","Aug 31, 2026, 12:17 PM","STOCK_OUT","A4 Printing Paper (80gsm) (MAT-1001)","1 Ream","Computer Science Department","Tigist Haile (Storekeeper)","Issued for Request REQ-GLOBAL-A-1788167461583"
"TXN-OUT-848149-001","Aug 31, 2026, 12:17 PM","STOCK_OUT","A4 Printing Paper (80gsm) (MAT-1001)","1 Ream","Computer Science Department","Tigist Haile (Storekeeper)","Issued for Request REQ-GLOBAL-B-1788167461592"
"TXN-OUT-847592-001","Aug 31, 2026, 12:17 PM","STOCK_OUT","A4 Printing Paper (80gsm) (MAT-1001)","1 Ream","Computer Science Department","Tigist Haile (Storekeeper)","Issued for Request REQ-GLOBAL-A-1788167602999"
"TXN-OUT-846967-001","Aug 31, 2026, 12:17 PM","STOCK_OUT","A4 Printing Paper (80gsm) (MAT-1001)","1 Ream","Computer Science Department","Tigist Haile (Storekeeper)","Issued for Request REQ-GLOBAL-B-1788167603008"
"TXN-OUT-846328-001","Aug 31, 2026, 12:17 PM","STOCK_OUT","A4 Printing Paper (80gsm) (MAT-1001)","1 Ream","Computer Science Department","Tigist Haile (Storekeeper)","Issued for Request REQ-E2E-1788167650436-A"
"TXN-OUT-845605-001","Aug 31, 2026, 12:17 PM","STOCK_OUT","A4 Printing Paper (80gsm) (MAT-1001)","1 Ream","Computer Science Department","Tigist Haile (Storekeeper)","Issued for Request REQ-E2E-1788167650446-B"
"TXN-OUT-844751-001","Aug 31, 2026, 12:17 PM","STOCK_OUT","A4 Printing Paper (80gsm) (MAT-1001)","1 Ream","Computer Science Department","Tigist Haile (Storekeeper)","Issued for Request REQ-GLOBAL-A-1788167651222"
"TXN-OUT-843215-001","Aug 31, 2026, 12:17 PM","STOCK_OUT","A4 Printing Paper (80gsm) (MAT-1001)","1 Ream","Computer Science Department","Tigist Haile (Storekeeper)","Issued for Request REQ-GLOBAL-B-1788167651231"
"TXN-IN-935964-503","Aug 31, 2026, 11:45 AM","STOCK_IN","HP LaserJet Toner Cartridge 85A (MAT-2002)","10 Piece","Manager Created Supplier","Abebe Kebede (Store Manager)","Stock Received"
"TXN-IN-717642-704","Aug 17, 2026, 10:45 AM","STOCK_IN","CAT6 Ethernet Cable (305m Roll) (MAT-2001)","20 Roll","Ethio Stationery Supplies PLC","Tigist Haile (Storekeeper)","Stock Received"
"TXN-OUT-456914-002","Aug 14, 2026, 02:20 PM","STOCK_OUT","Blue Ballpoint Pens (Box of 50) (MAT-1002)","2 Box","Computer Science Department","Tigist Haile (Storekeeper)","Issued for Request REQ-2026-001"
"TXN-OUT-456914-001","Aug 14, 2026, 02:20 PM","STOCK_OUT","A4 Printing Paper (80gsm) (MAT-1001)","10 Ream","Computer Science Department","Tigist Haile (Storekeeper)","Issued for Request REQ-2026-001"
"TXN-OUT-0005","Aug 14, 2026, 02:12 PM","STOCK_OUT","Blue Ballpoint Pens (Box of 50) (MAT-1002)","7 Box","Electrical Engineering Department","Tigist Haile (Storekeeper)","Issued for Request REQ-2026-0004"
"TXN-OUT-0004","Aug 14, 2026, 02:00 PM","STOCK_OUT","HP LaserJet Toner Cartridge 85A (MAT-2002)","2 Piece","Computer Science Department","Tigist Haile (Storekeeper)","Issued for Request REQ-2026-002"
"TXN-OUT-001","Aug 14, 2026, 11:59 AM","STOCK_OUT","Ergonomic Mesh Office Chair (MAT-3001)","2 Piece","Computer Science Department","Tigist Haile (Storekeeper)","Issued 2 mesh chairs to Dr. Chala Bekele"
"TXN-IN-002","Aug 14, 2026, 11:59 AM","STOCK_IN","CAT6 Ethernet Cable (305m Roll) (MAT-2001)","10 Roll","Global IT Hardware Distributors","Tigist Haile (Storekeeper)","Delivered by Global IT"
"TXN-IN-001","Aug 14, 2026, 11:59 AM","STOCK_IN","A4 Printing Paper (80gsm) (MAT-1001)","100 Ream","Ethio Stationery Supplies PLC","Tigist Haile (Storekeeper)","Received in good condition"